step_id,agent_id,proposed_skill,final_skill,status,retry_count,validated,failed_rules,timestamp,parsing_warnings,raw_output,reason_tp_label,reason_tp_reason,reason_cp_label,reason_cp_reason,error_messages
1,Agent_1,relocate,do_nothing,REJECTED_FALLBACK,2,False,coping_alignment,2026-01-12T05:20:37.439794,,"Threat Appraisal: High because I feel high threat from flood risks.
Coping Appraisal: Low because I feel low ability to cope.
Final Decision: relocate",High,I feel high threat from flood risks.,Low,I feel low ability to cope.,[Rule: coping_alignment] Logic Error: Low Coping but expensive action attempted.
2,Agent_10,relocate,do_nothing,REJECTED_FALLBACK,2,False,coping_alignment,2026-01-12T05:20:37.447750,,"Threat Appraisal: High because I feel high threat from flood risks.
Coping Appraisal: Low because I feel low ability to cope.
Final Decision: relocate",High,I feel high threat from flood risks.,Low,I feel low ability to cope.,[Rule: coping_alignment] Logic Error: Low Coping but expensive action attempted.
3,Agent_100,relocate,do_nothing,REJECTED_FALLBACK,2,False,coping_alignment,2026-01-12T05:20:37.455251,,"Threat Appraisal: High because I feel high threat from flood risks.
Coping Appraisal: Low because I feel low ability to cope.
Final Decision: relocate",High,I feel high threat from flood risks.,Low,I feel low ability to cope.,[Rule: coping_alignment] Logic Error: Low Coping but expensive action attempted.
4,Agent_11,relocate,do_nothing,REJECTED_FALLBACK,2,False,coping_alignment,2026-01-12T05:20:37.460919,,"Threat Appraisal: High because I feel high threat from flood risks.
Coping Appraisal: Low because I feel low ability to cope.
Final Decision: relocate",High,I feel high threat from flood risks.,Low,I feel low ability to cope.,[Rule: coping_alignment] Logic Error: Low Coping but expensive action attempted.
5,Agent_12,relocate,do_nothing,REJECTED_FALLBACK,2,False,coping_alignment,2026-01-12T05:20:37.466233,,"Threat Appraisal: High because I feel high threat from flood risks.
Coping Appraisal: Low because I feel low ability to cope.
Final Decision: relocate",High,I feel high threat from flood risks.,Low,I feel low ability to cope.,[Rule: coping_alignment] Logic Error: Low Coping but expensive action attempted.
6,Agent_1,relocate,do_nothing,REJECTED_FALLBACK,2,False,coping_alignment,2026-01-12T05:20:37.472816,,"Threat Appraisal: High because I feel high threat from flood risks.
Coping Appraisal: Low because I feel low ability to cope.
Final Decision: relocate",High,I feel high threat from flood risks.,Low,I feel low ability to cope.,[Rule: coping_alignment] Logic Error: Low Coping but expensive action attempted.
7,Agent_10,relocate,do_nothing,REJECTED_FALLBACK,2,False,coping_alignment,2026-01-12T05:20:37.484445,,"Threat Appraisal: High because I feel high threat from flood risks.
Coping Appraisal: Low because I feel low ability to cope.
Final Decision: relocate",High,I feel high threat from flood risks.,Low,I feel low ability to cope.,[Rule: coping_alignment] Logic Error: Low Coping but expensive action attempted.
8,Agent_100,relocate,do_nothing,REJECTED_FALLBACK,2,False,coping_alignment,2026-01-12T05:20:37.490675,,"Threat Appraisal: High because I feel high threat from flood risks.
Coping Appraisal: Low because I feel low ability to cope.
Final Decision: relocate",High,I feel high threat from flood risks.,Low,I feel low ability to cope.,[Rule: coping_alignment] Logic Error: Low Coping but expensive action attempted.
9,Agent_11,relocate,do_nothing,REJECTED_FALLBACK,2,False,coping_alignment,2026-01-12T05:20:37.496139,,"Threat Appraisal: High because I feel high threat from flood risks.
Coping Appraisal: Low because I feel low ability to cope.
Final Decision: relocate",High,I feel high threat from flood risks.,Low,I feel low ability to cope.,[Rule: coping_alignment] Logic Error: Low Coping but expensive action attempted.
10,Agent_12,relocate,do_nothing,REJECTED_FALLBACK,2,False,coping_alignment,2026-01-12T05:20:37.501122,,"Threat Appraisal: High because I feel high threat from flood risks.
Coping Appraisal: Low because I feel low ability to cope.
Final Decision: relocate",High,I feel high threat from flood risks.,Low,I feel low ability to cope.,[Rule: coping_alignment] Logic Error: Low Coping but expensive action attempted.
